¨¬ο;¨­­
€ ?‘’‘?;7735116621
 '–¥«¥Άλ¥ ’¥ε­®«®£¨¨';7729394758
" ""€‚‹…‘""";7731625191
"΅ι¥αβΆ® α ®£ΰ ­¨η¥­­®© ®βΆ¥βαβΆ¥­­®αβμξ ""’¥εƒ §‘­ ΅""";7702735506
΅ι¥αβΆ® α®£ΰ ­¨η¥­­®© ®βΆ¥βαβΆ¥­­®αβμξ ? ©βνΰ£?;7722523002
 ?„… «¥βΰ®­¨α?;5024096727
"΅ι¥αβΆ® α ®£ΰ ­¨η¥­­®© ®βΆ¥βαβΆ¥­­®αβμξ ""’€‘-’""";7709654648
"™…‘’‚ ‘ ƒ€—…‰ ’‚…’‘’‚…‘’ ""’…• ‹€""";7710499161
"΅ι¥αβΆ® α ®£ΰ ­¨η¥­­®© ®βΆ¥βαβΆ¥­­®αβμξ "" ©βνΰ£""";7722523002
"΅ι¥αβΆ® α ®£ΰ ­¨η¥­­®© ®βΆ¥βαβΆ¥­­®αβμξ ""€’…‘’""";9723041340
"™…‘’‚ ‘ ƒ€—…‰ ’‚…’‘’‚…‘’ ""“€‘""";7717629606
"΅ι¥αβΆ® α ®£ΰ ­¨η¥­­®© ®βΆ¥βαβΆ¥­­®αβμξ ""‘…‚…-‡€€„""";7811625045
"™…‘’‚ ‘ ƒ€—…‰ ’‚…’‘’‚…‘’ ""“€‘""";7717629606
"΅ι¥αβΆ® α ®£ΰ ­¨η¥­­®© ®βΆ¥βαβΆ¥­­®αβμξ ""…‚€’…""";7810797732
"΅ι¥αβΆ® α ®£ΰ ­¨η¥­­®© ®βΆ¥βαβΆ¥­­®αβμξ ""„“’ ‚„ ‚† „“’""";7840501541
"™…‘’‚ ‘ ƒ€—…‰ ’‚…’‘’‚…‘’ ""„€…’€‹""";3664115445
"™…‘’‚ ‘ ƒ€—…‰ ’‚…’‘’‚…‘’ ""‹ƒ ‘‘’…‘""";7704767623
"™…‘’‚ ‘ ƒ€—…‰ ’‚…’‘’‚…‘’ ""’…•€ - –…’""";7715631511
"™…‘’‚ ‘ ƒ€—…‰ ’‚…’‘’‚…‘’ ""‚„…€‘""";7722585721
"™…‘’‚ ‘ ƒ€—…‰ ’‚…’‘’‚…‘’ ""–”-ƒ“""";7714842686
"™…‘’‚ ‘ ƒ€—…‰ ’‚…’‘’‚…‘’ ""”’-’…‹…""";5904159516
™…‘’‚ ‘ ƒ€—…‰ ’‚…’‘’‚…‘’ ''-”'';7805109081
"™…‘’‚ ‘ ƒ€—…‰ ’‚…’‘’‚…‘’ ""”’-’…‹…""";5904159516
"™…‘’‚ ‘ ƒ€—…‰ ’‚…’‘’‚…‘’ ""‘…ƒ’""";7734649680
"™…‘’‚ ‘ ƒ€—…‰ ’‚…’‘’‚…‘’ ""‘…ƒ’""";7734649680
"™…‘’‚ ‘ ƒ€—…‰ ’‚…’‘’‚…‘’ ""‘…ƒ’""";7734649680
"™…‘’‚ ‘ ƒ€—…‰ ’‚…’‘’‚…‘’ ""‘…ƒ’""";7734649680
™…‘’‚ ‘ ƒ€—…‰ ’‚…’‘’‚…‘’ ''-”'';7805109081
"™…‘’‚ ‘ ƒ€—…‰ ’‚…’‘’‚…‘’ ""‘…ƒ’""";7734649680
"™…‘’‚ ‘ ƒ€—…‰ ’‚…’‘’‚…‘’ ""‘…ƒ’""";7734649680
"™…‘’‚ ‘ ƒ€—…‰ ’‚…’‘’‚…‘’ ""‚…’ƒ‹‡ƒ""";7424022032
"΅ι¥αβΆ® α ®£ΰ ­¨η¥­­®© ®βΆ¥βαβΆ¥­­®αβμξ ""‹®£¨®¬ ‘¨αβ¥¬α""";7704767623
™…‘’‚ ‘ ƒ€—…‰ ’‚…’‘’‚…‘’ ''-”'';7805109081
"™…‘’‚ ‘ ƒ€—…‰ ’‚…’‘’‚…‘’ ""‹ƒ ‘‘’…‘""";7704767623
"™…‘’‚ ‘ ƒ€—…‰ ’‚…’‘’‚…‘’ ""„€…’€‹""";3664115445
"™…‘’‚ ‘ ƒ€—…‰ ’‚…’‘’‚…‘’ ""‹ƒ ‘‘’…‘""";7704767623
"™…‘’‚ ‘ ƒ€—…‰ ’‚…’‘’‚…‘’ ""„€…’€‹""";3664115445
"™…‘’‚ ‘ ƒ€—…‰ ’‚…’‘’‚…‘’ ""‹ƒ ‘‘’…‘""";7704767623
"™…‘’‚ ‘ ƒ€—…‰ ’‚…’‘’‚…‘’ ""’…•€ - –…’""";7715631511
™…‘’‚ ‘ ƒ€—…‰ ’‚…’‘’‚…‘’ ‘€‘“ƒ ‹…’‘ “‘ €;7703608910
™…‘’‚ ‘ ƒ€—…‰ ’‚…’‘’‚…‘’ ‘…„€;7842464310
™…‘’‚ ‘ ƒ€—…‰ ’‚…’‘’‚…‘’ ‹›… ‚„………;7724833987
™…‘’‚ ‘ ƒ€—…‰ ’‚…’‘’‚…‘’ ‰—  ‘ …‡‹…;9705138050
"”…„…€‹… ƒ‘“„€‘’‚…… “’€… …„’… ""ƒ‹€‚›‰ €“—-‘‘‹…„‚€’…‹‘‰ ‚›—‘‹’…‹›‰ –…’"" “€‚‹… „…‹€ …‡„…’€ ‘‘‰‘‰ ”…„…€–";7704030780
"”…„…€‹… ƒ‘“„€‘’‚…… „†…’… “—…†„…… ""€“—-‘‘‹…„‚€’…‹‘‰ ‘’’“’ ""‚‘•„""";7729498813
"™…‘’‚ ‘ ƒ€—…‰ ’‚…’‘’‚…‘’ ""” ‘”’""";5260146265
